{
  "project_info": {
    "project_number": "166929563551",
    "firebase_url": "https://dbfloshlybank-default-rtdb.firebaseio.com",
    "project_id": "dbfloshlybank",
    "storage_bucket": "dbfloshlybank.appspot.com"
  },
  "client": [
    {
      "client_info": {
        "mobilesdk_app_id": "1:166929563551:android:0db05d1a4cc0565f0507aa",
        "android_client_info": {
          "package_name": "cole.elfloshlym.examp"
        }
      },
      "oauth_client": [
        {
          "client_id": "166929563551-edi5cb1cq2pf7ga1rhm9g6dka8m846qm.apps.googleusercontent.com",
          "client_type": 1,
          "android_info": {
            "package_name": "cole.elfloshlym.examp",
            "certificate_hash": "b94e77d62d1f800b71e420ae0c8802c140403ba7"
          }
        },
        {
          "client_id": "166929563551-bkc2brkvepv6v1cgv2v78jrl3lm0hmk3.apps.googleusercontent.com",
          "client_type": 3
        }
      ],
      "api_key": [
        {
          "current_key": "AIzaSyAfPe_dS7hwZEbi7NAg3X1yoSW4hPqi8EU"
        }
      ],
      "services": {
        "appinvite_service": {
          "other_platform_oauth_client": [
            {
              "client_id": "166929563551-bkc2brkvepv6v1cgv2v78jrl3lm0hmk3.apps.googleusercontent.com",
              "client_type": 3
            }
          ]
        }
      }
    }
  ],
  "configuration_version": "1"
}